point_key,point_id,level,mode,module,top_module,status,worker_id,elapsed_sec,area_um2,dynamic_power,leakage_power,total_power,report_dir,summary_log,failure_reason,ACT_WIDTH,KV_WIDTH,WEIGHT_WIDTH,T_BITS,L_BITS,T_EXP,T_MANT,L_EXP,L_MANT,BLOCK_DIM,ACC_DEPTH,ACC_WIDTH,ACC_FRAC_WIDTH,FP_EXP_WIDTH,FP_MANT_WIDTH,COMPUTE_DIM,SYS_ARRAY_AMOUNT,STRUCTURAL_COMPOSITE,PE_AREA_UM2,raw_synth_area_um2,MLEN,BLEN,scale_width,hier_total_area,hier_compute_unit_area,hier_array_area,hier_reduce_area,hier_output_accumulator_area,hier_output_conversion_area,hier_result_buffer_area,hier_io_pipeline_area,hier_control_area,hier_accum_area,hier_top_glue_area,_source_csv
matrix_machine_mxfp_1343362cf684,area_new_mm_mxfp_e1m2_m16_b4,matrix_machine,mxfp,matrix_machine,matrix_machine,complete,5,853.362,23426.779209,,,,Workspace/area_new_matrix_calibration/runs/full_20260705_104426/reports/matrix_machine_mxfp_1343362cf684,Workspace/area_new_matrix_calibration/runs/full_20260705_104426/reports/matrix_machine_mxfp_1343362cf684/summary.log,,MXFP_E1M2,MXFP_E1M2,MXFP_E1M2,,,1,2,1,2,,,,,,,,,,,,16,4,8,23426.7792,23067.3531,17019.977499999997,4893.427,0.0,283.6688,763.8024999999999,103.5762,362.32720000000336,0.0,359.4261000000006,Workspace/area_new_matrix_calibration/runs/full_20260705_104426/calibration_points.csv
matrix_machine_mxfp_01dd800ae1e5,area_new_mm_mxfp_e2m1_m16_b4,matrix_machine,mxfp,matrix_machine,matrix_machine,complete,6,901.575,23063.095694,,,,Workspace/area_new_matrix_calibration/runs/matrix_small_20260706_013022/reports/matrix_machine_mxfp_01dd800ae1e5,Workspace/area_new_matrix_calibration/runs/matrix_small_20260706_013022/reports/matrix_machine_mxfp_01dd800ae1e5/summary.log,,MXFP_E2M1,MXFP_E2M1,MXFP_E2M1,,,2,1,2,1,,,,,,,,,,,,16,4,8,23063.0957,22703.6695,16656.2942,4893.427,0.0,283.6688,763.8024999999999,103.5762,362.32700000000114,0.0,359.4262000000017,Workspace/area_new_matrix_calibration/runs/matrix_small_20260706_013022/calibration_points.csv
matrix_machine_mxfp_0d5778e1a575,area_new_mm_mxfp_e4m3_m16_b4,matrix_machine,mxfp,matrix_machine,matrix_machine,complete,1,1079.854,26132.302289,,,,Workspace/area_new_matrix_calibration/runs/full_20260705_104426/reports/matrix_machine_mxfp_0d5778e1a575,Workspace/area_new_matrix_calibration/runs/full_20260705_104426/reports/matrix_machine_mxfp_0d5778e1a575/summary.log,,MXFP_E4M3,MXFP_E4M3,MXFP_E4M3,,,4,3,4,3,,,,,,,,,,,,16,4,8,26132.3023,25681.9698,19586.3489,4893.6457,0.0,283.7562,763.8024999999999,148.94920000000002,455.79979999999705,0.0,450.33250000000044,Workspace/area_new_matrix_calibration/runs/full_20260705_104426/calibration_points.csv
matrix_machine_mxfp_c539fff9f833,area_new_mm_mxfp_e5m2_m16_b4,matrix_machine,mxfp,matrix_machine,matrix_machine,complete,7,1028.797,25533.02055,,,,Workspace/area_new_matrix_calibration/runs/matrix_small_20260706_013022/reports/matrix_machine_mxfp_c539fff9f833,Workspace/area_new_matrix_calibration/runs/matrix_small_20260706_013022/reports/matrix_machine_mxfp_c539fff9f833/summary.log,,MXFP_E5M2,MXFP_E5M2,MXFP_E5M2,,,5,2,5,2,,,,,,,,,,,,16,4,8,25533.0205,25082.6881,18987.285699999997,4893.427,0.0,283.7562,763.8024999999999,148.94920000000002,455.7999000000018,0.0,450.3323999999993,Workspace/area_new_matrix_calibration/runs/matrix_small_20260706_013022/calibration_points.csv
matrix_machine_mxfp_ebfcab0fadc4,area_new_mm_mxfp_te1m2_le4m3_m16_b4,matrix_machine,mxfp,matrix_machine,matrix_machine,complete,9,1096.602,25335.66568,,,,Workspace/area_new_matrix_calibration/runs/matrix_small_20260706_013022/reports/matrix_machine_mxfp_ebfcab0fadc4,Workspace/area_new_matrix_calibration/runs/matrix_small_20260706_013022/reports/matrix_machine_mxfp_ebfcab0fadc4/summary.log,,MXFP_E4M3,MXFP_E1M2,MXFP_E1M2,,,1,2,4,3,,,,,,,,,,,,16,4,8,25335.6657,24931.1144,18858.501,4893.4708,0.0,283.6688,763.8024999999999,126.2627,409.95990000000165,0.0,404.5513000000028,Workspace/area_new_matrix_calibration/runs/matrix_small_20260706_013022/calibration_points.csv
matrix_machine_mxfp_5a8966795b9a,area_new_mm_mxfp_te4m3_le1m2_m16_b4,matrix_machine,mxfp,matrix_machine,matrix_machine,complete,8,1057.111,25285.845823,,,,Workspace/area_new_matrix_calibration/runs/matrix_small_20260706_013022/reports/matrix_machine_mxfp_5a8966795b9a,Workspace/area_new_matrix_calibration/runs/matrix_small_20260706_013022/reports/matrix_machine_mxfp_5a8966795b9a/summary.log,,MXFP_E1M2,MXFP_E4M3,MXFP_E4M3,,,4,3,1,2,,,,,,,,,,,,16,4,8,25285.8458,24880.8134,18810.517799999998,4893.5582,0.0,283.7125,763.8024999999999,126.2627,407.9920999999995,0.0,405.03240000000005,Workspace/area_new_matrix_calibration/runs/matrix_small_20260706_013022/calibration_points.csv
matrix_machine_mxfp_57e3c78d2fe1,p1_mm_mxfp_e1m2_m32_b16,matrix_machine,mxfp,matrix_machine,matrix_machine,complete,7,60143.003,172332.244477,,,,Workspace/area_new_scheduler/runs/big_area_regression_v2_20260707_052626/reports/matrix_machine_d8a7abe33355cfdd,Workspace/area_new_scheduler/runs/big_area_regression_v2_20260707_052626/reports/matrix_machine_d8a7abe33355cfdd/summary.log,,MXFP_E1M2,MXFP_E1M2,MXFP_E1M2,,,1,2,1,2,,,,,,,,,,,,32,16,8,172332.2445,171667.309,133623.2052,27686.472,0.0,4538.700799999993,5382.411,189.13169999999997,912.3238000000129,0.0,664.9354999999923,Workspace/area_new_scheduler/runs/big_area_regression_v2_20260707_052626/calibration_points.csv
matrix_machine_mxfp_592dd2801ee6,p1_mm_mxfp_e4m3_m32_b16,matrix_machine,mxfp,matrix_machine,matrix_machine,complete,1,85354.889,192647.345513,,,,Workspace/area_new_scheduler/runs/big_area_regression_v2_20260707_052626/reports/matrix_machine_fd34f97bf53ed794,Workspace/area_new_scheduler/runs/big_area_regression_v2_20260707_052626/reports/matrix_machine_fd34f97bf53ed794/summary.log,,MXFP_E4M3,MXFP_E4M3,MXFP_E4M3,,,4,3,4,3,,,,,,,,,,,,32,16,8,192647.3455,191800.1309,153656.94139999998,27689.1401,0.0,4538.700799999993,5382.3673,280.869,1099.3269000000146,0.0,847.2146000000066,Workspace/area_new_scheduler/runs/big_area_regression_v2_20260707_052626/calibration_points.csv
matrix_machine_mxfp_7ba95e05eff5,p1_mm_mxfp_e5m2_m32_b16,matrix_machine,mxfp,matrix_machine,matrix_machine,complete,0,80285.13,187852.173059,,,,Workspace/area_new_scheduler/runs/big_area_regression_v2_20260707_052626/reports/matrix_machine_203f3ad9e0d7ffb6,Workspace/area_new_scheduler/runs/big_area_regression_v2_20260707_052626/reports/matrix_machine_203f3ad9e0d7ffb6/summary.log,,MXFP_E5M2,MXFP_E5M2,MXFP_E5M2,,,5,2,5,2,,,,,,,,,,,,32,16,8,187852.1731,187004.9584,148864.4371,27686.472,0.0,4538.700799999993,5382.3673,280.869,1099.3268999999855,0.0,847.2147000000114,Workspace/area_new_scheduler/runs/big_area_regression_v2_20260707_052626/calibration_points.csv
matrix_machine_mxfp_03ebfaac6683,p0_mm_mxfp_e1m2_m32_b8,matrix_machine,mxfp,matrix_machine,matrix_machine,complete,6,65698.731,91421.439446,,,,Workspace/area_new_scheduler/runs/big_area_regression_v2_20260707_052626/reports/matrix_machine_3ac3fd0d47f6ad78,Workspace/area_new_scheduler/runs/big_area_regression_v2_20260707_052626/reports/matrix_machine_3ac3fd0d47f6ad78/summary.log,,MXFP_E1M2,MXFP_E1M2,MXFP_E1M2,,,1,2,1,2,,,,,,,,,,,,32,8,8,91421.4394,90744.0818,67219.06279999999,19572.3522,0.0,1134.6751999999992,2593.7673999999997,194.73039999999997,706.8514000000287,0.0,677.357600000003,Workspace/area_new_scheduler/runs/big_area_regression_v2_20260707_052626/calibration_points.csv
matrix_machine_mxfp_0b9340187a13,p0_mm_mxfp_e2m1_m32_b8,matrix_machine,mxfp,matrix_machine,matrix_machine,complete,7,45717.791,89965.291129,,,,Workspace/area_new_scheduler/runs/big_area_regression_v2_20260707_052626/reports/matrix_machine_05d3f0c97e1411b4,Workspace/area_new_scheduler/runs/big_area_regression_v2_20260707_052626/reports/matrix_machine_05d3f0c97e1411b4/summary.log,,MXFP_E2M1,MXFP_E2M1,MXFP_E2M1,,,2,1,2,1,,,,,,,,,,,,32,8,8,89965.2911,89287.8898,65762.8268,19572.3522,0.0,1134.6751999999992,2593.7673999999997,194.73039999999997,706.9391000000032,0.0,677.4012999999977,Workspace/area_new_scheduler/runs/big_area_regression_v2_20260707_052626/calibration_points.csv
matrix_machine_mxfp_3de59951f6bb,p0_mm_mxfp_e4m3_m32_b8,matrix_machine,mxfp,matrix_machine,matrix_machine,complete,8,14766.483,101793.622139,,,,Workspace/area_new_scheduler/runs/big_area_regression_v2_20260707_052626/reports/matrix_machine_faf92a16a00f95d5,Workspace/area_new_scheduler/runs/big_area_regression_v2_20260707_052626/reports/matrix_machine_faf92a16a00f95d5/summary.log,,MXFP_E4M3,MXFP_E4M3,MXFP_E4M3,,,4,3,4,3,,,,,,,,,,,,32,8,8,101793.6221,100933.8396,77311.90699999999,19573.0083,0.0,1134.6751999999992,2593.8258,286.46770000000004,893.7381000000023,0.0,859.7824999999866,Workspace/area_new_scheduler/runs/big_area_regression_v2_20260707_052626/calibration_points.csv
matrix_machine_mxfp_bd5468531290,p0_mm_mxfp_e5m2_m32_b8,matrix_machine,mxfp,matrix_machine,matrix_machine,complete,9,21458.067,99396.713881,,,,Workspace/area_new_scheduler/runs/big_area_regression_v2_20260707_052626/reports/matrix_machine_0cf9e442d5386df2,Workspace/area_new_scheduler/runs/big_area_regression_v2_20260707_052626/reports/matrix_machine_0cf9e442d5386df2/summary.log,,MXFP_E5M2,MXFP_E5M2,MXFP_E5M2,,,5,2,5,2,,,,,,,,,,,,32,8,8,99396.7139,98536.9313,74915.65479999999,19572.3522,0.0,1134.6751999999992,2593.8258,286.46770000000004,893.7382000000216,0.0,859.7826000000059,Workspace/area_new_scheduler/runs/big_area_regression_v2_20260707_052626/calibration_points.csv
matrix_machine_mxfp_a09cc96c0216,p0_mm_mxfp_t_e1m2_l_e4m3_m32_b8,matrix_machine,mxfp,matrix_machine,matrix_machine,complete,8,14414.262,98863.785758,,,,Workspace/area_new_scheduler/runs/big_area_regression_v2_20260707_052626/reports/matrix_machine_8de24f8d230c251c,Workspace/area_new_scheduler/runs/big_area_regression_v2_20260707_052626/reports/matrix_machine_8de24f8d230c251c/summary.log,,MXFP_E4M3,MXFP_E1M2,MXFP_E1M2,,,1,2,4,3,,,,,,,,,,,,32,8,8,98863.7858,98095.2886,74519.74969999999,19572.3522,0.0,1134.6751999999992,2593.7673999999997,240.5116,802.7297000000253,0.0,768.497199999998,Workspace/area_new_scheduler/runs/big_area_regression_v2_20260707_052626/calibration_points.csv
matrix_machine_mxfp_3845a64fc63a,p0_mm_mxfp_t_e2m1_l_e5m2_m32_b8,matrix_machine,mxfp,matrix_machine,matrix_machine,complete,2,18880.95,96848.246564,,,,Workspace/area_new_scheduler/runs/big_area_regression_v2_20260707_052626/reports/matrix_machine_d45977c874ba507c,Workspace/area_new_scheduler/runs/big_area_regression_v2_20260707_052626/reports/matrix_machine_d45977c874ba507c/summary.log,,MXFP_E5M2,MXFP_E2M1,MXFP_E2M1,,,2,1,5,2,,,,,,,,,,,,32,8,8,96848.2466,96079.7931,72504.16679999999,19572.4834,0.0,1134.6751999999992,2593.7673999999997,240.5116,802.6422000000166,0.0,768.4535000000033,Workspace/area_new_scheduler/runs/big_area_regression_v2_20260707_052626/calibration_points.csv
matrix_machine_mxfp_99da14ccf853,p0_mm_mxfp_t_e4m3_l_e1m2_m32_b8,matrix_machine,mxfp,matrix_machine,matrix_machine,complete,10,54849.682,98603.94101,,,,Workspace/area_new_scheduler/runs/big_area_regression_v2_20260707_052626/reports/matrix_machine_7273bd103d35661e,Workspace/area_new_scheduler/runs/big_area_regression_v2_20260707_052626/reports/matrix_machine_7273bd103d35661e/summary.log,,MXFP_E1M2,MXFP_E4M3,MXFP_E4M3,,,4,3,1,2,,,,,,,,,,,,32,8,8,98603.941,97835.4001,74264.5122,19572.3522,0.0,1134.6751999999992,2593.7673999999997,240.5116,798.122400000022,0.0,768.5409000000072,Workspace/area_new_scheduler/runs/big_area_regression_v2_20260707_052626/calibration_points.csv
matrix_machine_mxfp_46c627e84318,p0_mm_mxfp_t_e5m2_l_e2m1_m32_b8,matrix_machine,mxfp,matrix_machine,matrix_machine,complete,9,19365.58,96588.839216,,,,Workspace/area_new_scheduler/runs/big_area_regression_v2_20260707_052626/reports/matrix_machine_2c7a421669253086,Workspace/area_new_scheduler/runs/big_area_regression_v2_20260707_052626/reports/matrix_machine_2c7a421669253086/summary.log,,MXFP_E2M1,MXFP_E5M2,MXFP_E5M2,,,5,2,2,1,,,,,,,,,,,,32,8,8,96588.8392,95820.2983,72248.973,19572.7896,0.0,1134.6751999999992,2593.7673999999997,240.5116,798.1224000000075,0.0,768.5409000000072,Workspace/area_new_scheduler/runs/big_area_regression_v2_20260707_052626/calibration_points.csv
matrix_machine_mxfp_b5df42d4cc6c,p1_mm_mxfp_e1m2_m64_b8,matrix_machine,mxfp,matrix_machine,matrix_machine,complete,8,52108.69,186986.544026,,,,Workspace/area_new_scheduler/runs/big_area_regression_v2_20260707_052626/reports/matrix_machine_908560c9c40a1ae5,Workspace/area_new_scheduler/runs/big_area_regression_v2_20260707_052626/reports/matrix_machine_908560c9c40a1ae5/summary.log,,MXFP_E1M2,MXFP_E1M2,MXFP_E1M2,,,1,2,1,2,,,,,,,,,,,,64,8,8,186986.544,185647.8668,134441.0696,44845.0177,0.0,1135.505499999999,4872.665300000001,389.4026,1302.8833000000159,0.0,1338.6772000000055,Workspace/area_new_scheduler/runs/big_area_regression_v2_20260707_052626/calibration_points.csv
matrix_machine_mxfp_faa1504a3e8f,p1_mm_mxfp_e2m1_m64_b8,matrix_machine,mxfp,matrix_machine,matrix_machine,complete,10,54783.012,184074.641052,,,,Workspace/area_new_scheduler/runs/big_area_regression_v2_20260707_052626/reports/matrix_machine_2d1143458e3b9c36,Workspace/area_new_scheduler/runs/big_area_regression_v2_20260707_052626/reports/matrix_machine_2d1143458e3b9c36/summary.log,,MXFP_E2M1,MXFP_E2M1,MXFP_E2M1,,,2,1,2,1,,,,,,,,,,,,64,8,8,184074.6411,182735.9638,131528.8314,44845.1927,0.0,1135.7676999999992,4872.665300000001,389.4026,1302.7814000000362,0.0,1338.6773000000103,Workspace/area_new_scheduler/runs/big_area_regression_v2_20260707_052626/calibration_points.csv
matrix_machine_mxfp_cf8a978f6ab4,p1_mm_mxfp_e4m3_m64_b8,matrix_machine,mxfp,matrix_machine,matrix_machine,complete,9,88628.599,207729.947131,,,,Workspace/area_new_scheduler/runs/big_area_regression_v2_20260707_052626/reports/matrix_machine_a58593d584c0bc55,Workspace/area_new_scheduler/runs/big_area_regression_v2_20260707_052626/reports/matrix_machine_a58593d584c0bc55/summary.log,,MXFP_E4M3,MXFP_E4M3,MXFP_E4M3,,,4,3,4,3,,,,,,,,,,,,64,8,8,207729.9471,206027.4697,154626.17579999997,44847.5984,0.0,1135.5054999999993,4872.300800000001,572.2942,1676.0724000000046,0.0,1702.4774000000034,Workspace/area_new_scheduler/runs/big_area_regression_v2_20260707_052626/calibration_points.csv
matrix_machine_mxfp_6dcddb2ccc91,p1_mm_mxfp_e5m2_m64_b8,matrix_machine,mxfp,matrix_machine,matrix_machine,complete,2,88055.576,202935.037116,,,,Workspace/area_new_scheduler/runs/big_area_regression_v2_20260707_052626/reports/matrix_machine_bcf514bcff0ba13a,Workspace/area_new_scheduler/runs/big_area_regression_v2_20260707_052626/reports/matrix_machine_bcf514bcff0ba13a/summary.log,,MXFP_E5M2,MXFP_E5M2,MXFP_E5M2,,,5,2,5,2,,,,,,,,,,,,64,8,8,202935.0371,201232.5597,149833.67159999997,44845.1927,0.0,1135.5054999999993,4872.300800000001,572.2942,1676.072300000029,0.0,1702.4773999999743,Workspace/area_new_scheduler/runs/big_area_regression_v2_20260707_052626/calibration_points.csv
matrix_machine_mxfp_58984cb7c495,p1_mm_mxfp_t_e1m2_l_e4m3_m64_b8,matrix_machine,mxfp,matrix_machine,matrix_machine,complete,3,70324.558,201870.93047,,,,Workspace/area_new_scheduler/runs/big_area_regression_v2_20260707_052626/reports/matrix_machine_bdc73cdb1d0f35e7,Workspace/area_new_scheduler/runs/big_area_regression_v2_20260707_052626/reports/matrix_machine_bdc73cdb1d0f35e7/summary.log,,MXFP_E4M3,MXFP_E1M2,MXFP_E1M2,,,1,2,4,3,,,,,,,,,,,,64,8,8,201870.9305,200350.3532,149042.18149999998,44845.4988,0.0,1135.505499999999,4872.665300000001,480.8484,1494.2310000000289,0.0,1520.5772999999754,Workspace/area_new_scheduler/runs/big_area_regression_v2_20260707_052626/calibration_points.csv
matrix_machine_mxfp_5d71ef2dd155,p1_mm_mxfp_t_e4m3_l_e1m2_m64_b8,matrix_machine,mxfp,matrix_machine,matrix_machine,complete,6,69665.904,201349.126874,,,,Workspace/area_new_scheduler/runs/big_area_regression_v2_20260707_052626/reports/matrix_machine_407e8d6c54a16672,Workspace/area_new_scheduler/runs/big_area_regression_v2_20260707_052626/reports/matrix_machine_407e8d6c54a16672/summary.log,,MXFP_E1M2,MXFP_E4M3,MXFP_E4M3,,,4,3,1,2,,,,,,,,,,,,64,8,8,201349.1269,199828.637,148531.07989999998,44844.974,0.0,1135.3743999999992,4872.2133,480.84839999999997,1484.6369000000122,0.0,1520.489900000015,Workspace/area_new_scheduler/runs/big_area_regression_v2_20260707_052626/calibration_points.csv
