point_key,point_id,level,mode,module,top_module,status,worker_id,elapsed_sec,area_um2,dynamic_power,leakage_power,total_power,report_dir,summary_log,failure_reason,ACT_WIDTH,KV_WIDTH,WEIGHT_WIDTH,T_BITS,L_BITS,T_EXP,T_MANT,L_EXP,L_MANT,BLOCK_DIM,ACC_DEPTH,MLEN,BLEN,scale_width,hier_total_area,hier_compute_unit_area,hier_reduce_area,hier_accum_area,hier_top_glue_area
mini_array_mxfp_acb05a249fcc,area_new_mxfp_mini_te1m2_le1m2_b16,mini_array,mxfp,mx_mini_systolic_array,area_new_mxfp_mini_te1m2_le1m2_b16,complete,11,6230.239,66919.166563,,,,Workspace/area_new_matrix_calibration/runs/full_20260705_104426/reports/mini_array_mxfp_acb05a249fcc,Workspace/area_new_matrix_calibration/runs/full_20260705_104426/reports/mini_array_mxfp_acb05a249fcc/summary.log,,MXFP_E1M2,MXFP_E1M2,MXFP_E1M2,,,1,2,1,2,16,,,,8,,,,,
mini_array_mxfp_eea6671a7353,area_new_mxfp_mini_te1m2_le1m2_b4,mini_array,mxfp,mx_mini_systolic_array,area_new_mxfp_mini_te1m2_le1m2_b4,complete,8,104.294,4188.20701,,,,Workspace/area_new_matrix_calibration/runs/full_20260705_104426/reports/mini_array_mxfp_eea6671a7353,Workspace/area_new_matrix_calibration/runs/full_20260705_104426/reports/mini_array_mxfp_eea6671a7353/summary.log,,MXFP_E1M2,MXFP_E1M2,MXFP_E1M2,,,1,2,1,2,4,,,,8,,,,,
mini_array_mxfp_dc96fdc231b5,area_new_mxfp_mini_te1m2_le1m2_b8,mini_array,mxfp,mx_mini_systolic_array,area_new_mxfp_mini_te1m2_le1m2_b8,complete,7,540.653,16738.831241,,,,Workspace/area_new_matrix_calibration/runs/full_20260705_104426/reports/mini_array_mxfp_dc96fdc231b5,Workspace/area_new_matrix_calibration/runs/full_20260705_104426/reports/mini_array_mxfp_dc96fdc231b5/summary.log,,MXFP_E1M2,MXFP_E1M2,MXFP_E1M2,,,1,2,1,2,8,,,,8,,,,,
mini_array_mxfp_c906ab34be56,area_new_mxfp_mini_te1m2_le4m3_b16,mini_array,mxfp,mx_mini_systolic_array,area_new_mxfp_mini_te1m2_le4m3_b16,complete,0,8142.25,73633.897993,,,,Workspace/area_new_matrix_calibration/runs/full_20260705_104426/reports/mini_array_mxfp_c906ab34be56,Workspace/area_new_matrix_calibration/runs/full_20260705_104426/reports/mini_array_mxfp_c906ab34be56/summary.log,,MXFP_E4M3,MXFP_E1M2,MXFP_E1M2,,,1,2,4,3,16,,,,8,,,,,
mini_array_mxfp_e2ea999e27e0,area_new_mxfp_mini_te1m2_le4m3_b4,mini_array,mxfp,mx_mini_systolic_array,area_new_mxfp_mini_te1m2_le4m3_b4,complete,3,132.135,4607.877724,,,,Workspace/area_new_matrix_calibration/runs/full_20260705_104426/reports/mini_array_mxfp_e2ea999e27e0,Workspace/area_new_matrix_calibration/runs/full_20260705_104426/reports/mini_array_mxfp_e2ea999e27e0/summary.log,,MXFP_E4M3,MXFP_E1M2,MXFP_E1M2,,,1,2,4,3,4,,,,8,,,,,
mini_array_mxfp_d42ccde648c4,area_new_mxfp_mini_te1m2_le4m3_b8,mini_array,mxfp,mx_mini_systolic_array,area_new_mxfp_mini_te1m2_le4m3_b8,complete,3,676.149,18417.470358,,,,Workspace/area_new_matrix_calibration/runs/full_20260705_104426/reports/mini_array_mxfp_d42ccde648c4,Workspace/area_new_matrix_calibration/runs/full_20260705_104426/reports/mini_array_mxfp_d42ccde648c4/summary.log,,MXFP_E4M3,MXFP_E1M2,MXFP_E1M2,,,1,2,4,3,8,,,,8,,,,,
mini_array_mxfp_3486d2d016d9,area_new_mxfp_mini_te2m1_le2m1_b16,mini_array,mxfp,mx_mini_systolic_array,area_new_mxfp_mini_te2m1_le2m1_b16,complete,4,6414.176,65463.499386,,,,Workspace/area_new_matrix_calibration/runs/full_20260705_104426/reports/mini_array_mxfp_3486d2d016d9,Workspace/area_new_matrix_calibration/runs/full_20260705_104426/reports/mini_array_mxfp_3486d2d016d9/summary.log,,MXFP_E2M1,MXFP_E2M1,MXFP_E2M1,,,2,1,2,1,16,,,,8,,,,,
mini_array_mxfp_d865ebcb898d,area_new_mxfp_mini_te2m1_le2m1_b4,mini_array,mxfp,mx_mini_systolic_array,area_new_mxfp_mini_te2m1_le2m1_b4,complete,8,878.115,4097.227811,,,,Workspace/area_new_matrix_calibration/runs/full_20260705_104426/reports/mini_array_mxfp_d865ebcb898d,Workspace/area_new_matrix_calibration/runs/full_20260705_104426/reports/mini_array_mxfp_d865ebcb898d/summary.log,,MXFP_E2M1,MXFP_E2M1,MXFP_E2M1,,,2,1,2,1,4,,,,8,,,,,
mini_array_mxfp_ecd7c3f64484,area_new_mxfp_mini_te2m1_le2m1_b8,mini_array,mxfp,mx_mini_systolic_array,area_new_mxfp_mini_te2m1_le2m1_b8,complete,10,545.389,16374.914446,,,,Workspace/area_new_matrix_calibration/runs/full_20260705_104426/reports/mini_array_mxfp_ecd7c3f64484,Workspace/area_new_matrix_calibration/runs/full_20260705_104426/reports/mini_array_mxfp_ecd7c3f64484/summary.log,,MXFP_E2M1,MXFP_E2M1,MXFP_E2M1,,,2,1,2,1,8,,,,8,,,,,
mini_array_mxfp_9b3ff69c493e,area_new_mxfp_mini_te2m1_le5m2_b16,mini_array,mxfp,mx_mini_systolic_array,area_new_mxfp_mini_te2m1_le5m2_b16,complete,9,7302.923,71618.358799,,,,Workspace/area_new_matrix_calibration/runs/full_20260705_104426/reports/mini_array_mxfp_9b3ff69c493e,Workspace/area_new_matrix_calibration/runs/full_20260705_104426/reports/mini_array_mxfp_9b3ff69c493e/summary.log,,MXFP_E5M2,MXFP_E2M1,MXFP_E2M1,,,2,1,5,2,16,,,,8,,,,,
mini_array_mxfp_d25fe3fdd833,area_new_mxfp_mini_te2m1_le5m2_b4,mini_array,mxfp,mx_mini_systolic_array,area_new_mxfp_mini_te2m1_le5m2_b4,complete,9,135.158,4481.906525,,,,Workspace/area_new_matrix_calibration/runs/full_20260705_104426/reports/mini_array_mxfp_d25fe3fdd833,Workspace/area_new_matrix_calibration/runs/full_20260705_104426/reports/mini_array_mxfp_d25fe3fdd833/summary.log,,MXFP_E5M2,MXFP_E2M1,MXFP_E2M1,,,2,1,5,2,4,,,,8,,,,,
mini_array_mxfp_7d4c7ab24bf8,area_new_mxfp_mini_te2m1_le5m2_b8,mini_array,mxfp,mx_mini_systolic_array,area_new_mxfp_mini_te2m1_le5m2_b8,complete,9,605.537,17913.58556,,,,Workspace/area_new_matrix_calibration/runs/full_20260705_104426/reports/mini_array_mxfp_7d4c7ab24bf8,Workspace/area_new_matrix_calibration/runs/full_20260705_104426/reports/mini_array_mxfp_7d4c7ab24bf8/summary.log,,MXFP_E5M2,MXFP_E2M1,MXFP_E2M1,,,2,1,5,2,8,,,,8,,,,,
mini_array_mxfp_6ef48a428631,area_new_mxfp_mini_te4m3_le1m2_b16,mini_array,mxfp,mx_mini_systolic_array,area_new_mxfp_mini_te4m3_le1m2_b16,complete,4,8426.46,73633.897993,,,,Workspace/area_new_matrix_calibration/runs/full_20260705_104426/reports/mini_array_mxfp_6ef48a428631,Workspace/area_new_matrix_calibration/runs/full_20260705_104426/reports/mini_array_mxfp_6ef48a428631/summary.log,,MXFP_E1M2,MXFP_E4M3,MXFP_E4M3,,,4,3,1,2,16,,,,8,,,,,
mini_array_mxfp_3956eb77bdd5,area_new_mxfp_mini_te4m3_le1m2_b4,mini_array,mxfp,mx_mini_systolic_array,area_new_mxfp_mini_te4m3_le1m2_b4,complete,11,124.513,4607.877724,,,,Workspace/area_new_matrix_calibration/runs/full_20260705_104426/reports/mini_array_mxfp_3956eb77bdd5,Workspace/area_new_matrix_calibration/runs/full_20260705_104426/reports/mini_array_mxfp_3956eb77bdd5/summary.log,,MXFP_E1M2,MXFP_E4M3,MXFP_E4M3,,,4,3,1,2,4,,,,8,,,,,
mini_array_mxfp_022363608190,area_new_mxfp_mini_te4m3_le1m2_b8,mini_array,mxfp,mx_mini_systolic_array,area_new_mxfp_mini_te4m3_le1m2_b8,complete,11,658.488,18417.470358,,,,Workspace/area_new_matrix_calibration/runs/full_20260705_104426/reports/mini_array_mxfp_022363608190,Workspace/area_new_matrix_calibration/runs/full_20260705_104426/reports/mini_array_mxfp_022363608190/summary.log,,MXFP_E1M2,MXFP_E4M3,MXFP_E4M3,,,4,3,1,2,8,,,,8,,,,,
mini_array_mxfp_16ece8d44eb6,area_new_mxfp_mini_te4m3_le4m3_b16,mini_array,mxfp,mx_mini_systolic_array,area_new_mxfp_mini_te4m3_le4m3_b16,complete,2,36796.391,76093.60228,,,,Workspace/area_new_matrix_calibration/runs/full_20260705_104426/reports/mini_array_mxfp_16ece8d44eb6,Workspace/area_new_matrix_calibration/runs/full_20260705_104426/reports/mini_array_mxfp_16ece8d44eb6/summary.log,,MXFP_E4M3,MXFP_E4M3,MXFP_E4M3,,,4,3,4,3,16,,,,8,,,,,
mini_array_mxfp_3d42d0795918,area_new_mxfp_mini_te4m3_le4m3_b4,mini_array,mxfp,mx_mini_systolic_array,area_new_mxfp_mini_te4m3_le4m3_b4,complete,10,128.37,4761.609242,,,,Workspace/area_new_matrix_calibration/runs/full_20260705_104426/reports/mini_array_mxfp_3d42d0795918,Workspace/area_new_matrix_calibration/runs/full_20260705_104426/reports/mini_array_mxfp_3d42d0795918/summary.log,,MXFP_E4M3,MXFP_E4M3,MXFP_E4M3,,,4,3,4,3,4,,,,8,,,,,
mini_array_mxfp_47948bf72da4,area_new_mxfp_mini_te4m3_le4m3_b8,mini_array,mxfp,mx_mini_systolic_array,area_new_mxfp_mini_te4m3_le4m3_b8,complete,10,733.722,19032.39643,,,,Workspace/area_new_matrix_calibration/runs/full_20260705_104426/reports/mini_array_mxfp_47948bf72da4,Workspace/area_new_matrix_calibration/runs/full_20260705_104426/reports/mini_array_mxfp_47948bf72da4/summary.log,,MXFP_E4M3,MXFP_E4M3,MXFP_E4M3,,,4,3,4,3,8,,,,8,,,,,
mini_array_mxfp_68d2bcc6fcbf,area_new_mxfp_mini_te5m2_le2m1_b16,mini_array,mxfp,mx_mini_systolic_array,area_new_mxfp_mini_te5m2_le2m1_b16,complete,9,7465.977,71618.358799,,,,Workspace/area_new_matrix_calibration/runs/full_20260705_104426/reports/mini_array_mxfp_68d2bcc6fcbf,Workspace/area_new_matrix_calibration/runs/full_20260705_104426/reports/mini_array_mxfp_68d2bcc6fcbf/summary.log,,MXFP_E2M1,MXFP_E5M2,MXFP_E5M2,,,5,2,2,1,16,,,,8,,,,,
mini_array_mxfp_d91f2271ec2e,area_new_mxfp_mini_te5m2_le2m1_b4,mini_array,mxfp,mx_mini_systolic_array,area_new_mxfp_mini_te5m2_le2m1_b4,complete,4,14058.019,4481.906525,,,,Workspace/area_new_matrix_calibration/runs/full_20260705_104426/reports/mini_array_mxfp_d91f2271ec2e,Workspace/area_new_matrix_calibration/runs/full_20260705_104426/reports/mini_array_mxfp_d91f2271ec2e/summary.log,,MXFP_E2M1,MXFP_E5M2,MXFP_E5M2,,,5,2,2,1,4,,,,8,,,,,
mini_array_mxfp_c3d9dc694e50,area_new_mxfp_mini_te5m2_le2m1_b8,mini_array,mxfp,mx_mini_systolic_array,area_new_mxfp_mini_te5m2_le2m1_b8,complete,9,616.097,17913.58556,,,,Workspace/area_new_matrix_calibration/runs/full_20260705_104426/reports/mini_array_mxfp_c3d9dc694e50,Workspace/area_new_matrix_calibration/runs/full_20260705_104426/reports/mini_array_mxfp_c3d9dc694e50/summary.log,,MXFP_E2M1,MXFP_E5M2,MXFP_E5M2,,,5,2,2,1,8,,,,8,,,,,
mini_array_mxfp_0a35a9839c9a,area_new_mxfp_mini_te5m2_le5m2_b16,mini_array,mxfp,mx_mini_systolic_array,area_new_mxfp_mini_te5m2_le5m2_b16,complete,0,7962.717,73697.350123,,,,Workspace/area_new_matrix_calibration/runs/full_20260705_104426/reports/mini_array_mxfp_0a35a9839c9a,Workspace/area_new_matrix_calibration/runs/full_20260705_104426/reports/mini_array_mxfp_0a35a9839c9a/summary.log,,MXFP_E5M2,MXFP_E5M2,MXFP_E5M2,,,5,2,5,2,16,,,,8,,,,,
mini_array_mxfp_935b4e683a9e,area_new_mxfp_mini_te5m2_le5m2_b4,mini_array,mxfp,mx_mini_systolic_array,area_new_mxfp_mini_te5m2_le5m2_b4,complete,10,118.997,4611.843483,,,,Workspace/area_new_matrix_calibration/runs/full_20260705_104426/reports/mini_array_mxfp_935b4e683a9e,Workspace/area_new_matrix_calibration/runs/full_20260705_104426/reports/mini_array_mxfp_935b4e683a9e/summary.log,,MXFP_E5M2,MXFP_E5M2,MXFP_E5M2,,,5,2,5,2,4,,,,8,,,,,
mini_array_mxfp_ab4eb166797d,area_new_mxfp_mini_te5m2_le5m2_b8,mini_array,mxfp,mx_mini_systolic_array,area_new_mxfp_mini_te5m2_le5m2_b8,complete,10,637.167,18433.33339,,,,Workspace/area_new_matrix_calibration/runs/full_20260705_104426/reports/mini_array_mxfp_ab4eb166797d,Workspace/area_new_matrix_calibration/runs/full_20260705_104426/reports/mini_array_mxfp_ab4eb166797d/summary.log,,MXFP_E5M2,MXFP_E5M2,MXFP_E5M2,,,5,2,5,2,8,,,,8,,,,,
